itemno,postinggroup,desc1,desc2,desc3,desc4
0020-00Z,fgseedki,14vps,saladlovers,-,-
0021-00Z,fgseedki,14p,herbloversseedkit,-,-
100235-0000,raw,flatplantspacerchina,-,-,-
100824-0000,raw,supergrownutrients3poz,-,-,-
100828-0000,accessory,aerovoirstand,-,-,-
1100-00B,fggardens,7paerator1006p10,blk,-,-
200302-0000,seedpod,7p,celosia,-,-
200450-0000,seedpod,tomato,-,-,-
203100-0000,seedpod,holybasil,-,-,-
203102-0000,seedpod,basil,genov,-,-
203104-0000,seedpod,basil,-,-,-
203105-0000,seedpod,basil,-,-,-
203106-0000,seedpod,basil,-,-,-
203107-0000,seedpod,basil,-,-,-
203109-0000,seedpod,basil,-,-,-
203110-0000,seedpod,catnip,-,-,-
203114-0000,seedpod,shungiku,-,-,-
203126-0000,seedpod,chivesm,-,-,-
203128-0000,seedpod,tarront,-,-,-
203131-0000,seedpod,cilantrom,-,-,-
203139-0000,seedpod,dillt,-,-,-
203150-0000,seedpod,tomato,-,-,-
203151-0000,seedpod,tomatoredh,-,-,-
203160-0000,seedpod,chilipepper,-,-,-
203161-0000,seedpod,pepper,bell,-,-
203162-0000,seedpod,pepper,-,-,-
203163-0000,seedpod,pepper,-,-,-
203172-0000,seedpod,parsley,-,-,-
203173-0000,seedpod,parsley,-,-,-
203176-0000,seedpod,marjorams,-,-,-
203181-0000,seedpod,mint,-,-,-
203182-0000,seedpod,mint,lemon,-,-
203186-0000,seedpod,tomato,-,-,-
203204-0000,seedpod,oreganos,-,-,-
203211-0000,seedpod,sem,-,-,-
203212-0000,seedpod,vinca,-,-,-
203219-0000,seedpod,phlox,-,-,-
203220-0000,seedpod,saladgreens,-,-,-
203221-0000,seedpod,minipeta,-,-,-
203223-0000,seedpod,romaine,-,-,-
203231-0000,seedpod,lavenders,-,-,-
203233-0000,seedpod,gazania,-,-,-
203243-0000,seedpod,zinnia,-,-,-
203251-0000,seedpod,lemonbalm,-,-,-
203252-0000,seedpod,thaibasil,-,-,-
203262-0000,seedpod,stock,-,-,-
203264-0000,seedpod,kale,-,-,-
203270-0000,seedpod,viola,-,-,-
203271-0000,seedpod,ghostpepper,-,-,-
203272-0000,seedpod,anaheimpepper,-,-,-
203273-0000,seedpod,poblanopepper,-,-,-
203274-0000,seedpod,cayennepepper,-,-,-
203281-0000,seedpod,thymes,-,-,-
203282-0000,seedpod,babygreens,-,-,-
203283-0000,seedpod,arugula,-,-,-
203285-0000,seedpod,tatsoi,-,-,-
203287-0000,seedpod,mtard,-,-,-
203288-0000,seedpod,cress,-,-,-
203290-0000,seedpod,blackseededsimpson,-,-,-
203292-0000,seedpod,rougedhiver,-,-,-
203294-0000,seedpod,marvelof4seasons,-,-,-
203319-0000,seedpod,cascpeta,-,-,-
203326-0000,seedpod,minicherrytomato,-,-,-
203329-0000,seedpod,rosemary,-,-,-
203336-0000,seedpod,collardgreens,-,-,-
2100-00S,fggardens,7p,silver,no,-
2101-00B,fggardens,7p,blk,gh,-
2101-00S,fggardens,7p,slv,gh,-
2101-00W,fggardens,7p,wht,gh,-
2102-00B,fggardens,7p,blk,gh,ga
2102-00S,fggardens,7p,slv,gh,ga
2107-00B,fggardens,7pwghcherrytomato,-,-,-
2108-00B,fggardens,7p,blk,gh,sss
2601-00B,fggardens,7p,black,gh,-
2701-00B,fggardens,7pled,blk,gh,-
2703-00B,fggardens,7pled,bundle,wmcom,-
3101-00B,fggardens,3p,blk,gh,-
3101-00W,fggardens,3p,wht,gh,-
3111-00B,fggardens,3psl,blk,gh,-
3111-00W,fggardens,3psl,wht,gh,-
3203-00B,fggardens,sproutplblk,bundle,wmcom,-
502162-0008,displays,ctc,loaded,ca,-
502537-0000,displays,macys,-,-,-
502538-0000,displays,bbb,-,-,-
502539-0000,displays,kohls,-,-,-
502552-0000,displays,costco,-,-,-
502555-0000,displays,macys2019,-,-,-
502556-0000,displays,kohls,original2019,-,-
502561-0000,displays,bedhbeyond,-,-,-
502568-0000,displays,acehardware,2019,-,-
502569-0000,displays,ctc12pallet,-,-,-
502570-0000,displays,ctc14pallet,-,-,-
506900-0000,raw,herbie,activitybook,pizza,-
506901-0000,raw,herbie,activitybook,lettuce,-
506902-0000,raw,herbie,activitybook,icmint,-
506903-0000,raw,herbie,activitybook,snapdrg,-
603567-0000,displays,harvestelite,bbb2015,-,-
603568-0000,displays,harvestplgrey,bbb,-,-
605006-0000,displays,3pslwalmartdsplyprod,-,-,-
6101-00B,fggardens,6p,blk,gh,-
6103-00B,fggardens,6p,bundle,wmcom,-
684AA,raw,plant,livestraerry,-,-
7101-00B,fggardens,extra,blk,gh,-
7201-00B,fggardens,extraled,blk,gh,-
800150-0208,fgseedki,7p,ctomkit,herb,-
800151-0208,fgseedki,7p,ctomkit,veg,-
800152-0208,fgseedki,7p,ctomkit,salad,-
800153-0208,fgseedki,7p,ctomkit,flower,-
800154-0208,fgseedki,3p,ctomkit,herb,-
800155-0208,fgseedki,3p,ctomkit,veggie,-
800156-0208,fgseedki,3p,ctomkitsalad,-,-
800157-0208,fgseedki,3p,ctomkitflower,-,-
800237-0208,fgseedki,7p,autumncolors,-,-
800238-0208,fgseedki,7p,loveblooms,-,-
800260-0208,fgseedki,7pmegacherrytomato,-,-,-
800285-0100,accessory,sss,bounty2019models,-,-
800291-0208,accessory,sss,-,-,-
800292-0100,accessory,ssssprout,-,-,-
800292-0101,accessory,ssssprout,-,-,-
800292-0208,accessory,ssssprout,-,-,-
800293-0100,accessory,sssharvest,-,-,-
800293-0101,accessory,sssharvst,-,-,-
800293-0105,accessory,sssharvstfr,-,-,-
800293-0208,accessory,sss,harvest,-,-
800294-0100,accessory,sss,7,-,-
800295-0100,accessory,sss,exbtyul,-,-
800295-0101,accessory,sssbounty,-,-,-
800295-0208,accessory,sss,exbtyul,-,-
800296-0100,accessory,sss,farm,-,-
800297-0200,accessory,sss,hrvt2018,-,-
800297-0208,accessory,sss,hrvst2018,ca,-
800298-0200,accessory,sss,hrvtslim,-,-
800299-0200,accessory,sss,hrvt360,-,-
800334-0208,fgseedki,3p,cascadingpeta,-,-
800334-2208,fgseedki,2x3p,cascadingpeta,-,-
800351-0208,seedkits,3p,minijalapeno,-,-
800357-0201,fgseedki,3p,growanything,-,-
800357-0205,fgseedki,3p,growanything,-,-
800357-0208,fgseedki,3p,growanything,-,-
800357-2208,fgseedki,3p,growanythingx2,-,-
800400-0201,fgseedki,3p,pestobasil,-,-
800400-0205,fgseedki,3p,pestobasil,-,-
800400-0208,fgseedki,3p,pestobasil,-,-
800400-2208,fgseedki,2x,3p,pestobasil,-
800401-0201,fgseedki,3p,gh,-,-
800401-0205,fgseedki,3p,gh,-,-
800401-0208,fgseedki,3p,gh,-,-
800401-2208,fgseedki,2x3p,gh,-,-
800404-0208,fgseedki,3p,loveblooms,-,-
800409-0208,fgseedki,3p,saladgreensmix,-,-
800411-0208,fgseedki,3p,mightyminicherrytomato,-,-
800411-2208,fgseedki,2x3p,mightyminicherrytom,-,-
800413-0208,fgseedki,3p,lavenderkit,-,-
800413-2208,fgseedki,3p,lavenderkit,2pk,-
800414-0201,fgseedki,3p,heirloomsaladgreens,-,-
800414-0205,fgseedki,3p,heirloomsaladgreens,-,-
800414-0208,fgseedki,3p,heirloomsaladgreens,-,-
800414-2208,fgseedki,2x3p,heirloomsaladgrns,-,-
800417-0208,fgseedki,3p,pizzaherbs,-,-
800417-2208,fgseedki,2x,3p,pizzaherbs,-
800418-0208,fgseedki,3p,polkadotmix,-,-
800419-0208,fgseedki,3p,kalemix,-,-
800419-2208,fgseedki,2x,3p,kalemix,-
800421-0208,fgseedki,3p,springflowers,-,-
800421-2208,fgseedki,3p,springflowers2pk,-,-
800422-0208,fgseedki,3p,phloxinabox,-,-
800422-2208,fgseedki,3p,phloxinabox2pk,-,-
800423-0208,fgseedki,3pviolayellowwredwing,-,-,-
800423-2208,fgseedki,3pvibrantviolas2pk,-,-,-
800424-0208,fgseedki,3pzinniamix,-,-,-
800425-0208,fgseedki,3p,beetgreens,-,-
800425-2208,fgseedki,3p,beetgreens2pk,-,-
800426-0208,fgseedki,3p,rosemary,-,-
800426-2208,fgseedki,3p,rosemary2pk,-,-
800427-0208,fgseedki,3p,smoothiegreens,-,-
800427-2208,fgseedki,3p,smoothiegrns2pk,-,-
800430-0208,fgseedki,3p,freshtea,-,-
800430-2208,fgseedki,3p,freshtea,2pk,-
800431-0208,fgseedki,3p,bokchoi,-,-
800432-0208,fgseedki,3p,swisschard,-,-
800437-0208,seedkits,3p,southerngreens,-,-
800500-0208,fgseedki,7p,gh,-,-
800501-0208,fgseedki,7p,cherrytomato,-,-
800502-0208,fgseedki,7p,saladgreensmix,-,-
800507-0208,fgseedki,7p,tcanitalianherb,-,-
800512-0208,fgseedki,catnip,-,-,-
800515-0208,fgseedki,7p,cole,-,-
800516-0208,fgseedki,7p,goldentomato,-,-
800518-0208,fgseedki,7p,phloxinabox,-,-
800522-0208,fgseedki,7p,mixedromaine,-,-
800528-0208,fgseedki,7p,growanything,-,-
800529-0208,fgseedki,7p,growanythingkit,-,-
800530-0208,fgseedki,growanything25pk,-,-,-
800531-0208,fgseedki,7p,englishcotte,-,-
800532-0208,fgseedki,growanything50pk,-,-,-
800533-0208,fgseedki,7p,mountainmeadow,-,-
800536-0208,fgseedki,7p,splashofcolor,-,-
800538-0208,fgseedki,7p,cascadingpeta,-,-
800539-0208,fgseedki,vinca,-,-,-
800542-0208,fgseedki,7p,bellpeppers,-,-
800544-0208,fgseedki,7p,chilipepper,-,-
800545-0208,fgseedki,7p,pestobasil,ca,-
800546-0208,fgseedki,7p,internationalbasil,-,-
800547-0208,fgseedki,7p,salsarden,-,-
800554-0208,fgseedki,7p,lavender,ca,-
800554-0300,fgseedki,6p,lavender,-,-
800570-0100,fgseedki,sss6p,-,-,-
800570-0200,fgseedki,sss,ss6,-,-
800570-0208,fgseedki,gardenstartertray,ss6,-,-
800571-0100,accessory,sss6plstc,-,-,-
800580-0208,fgseedki,7p,freshtea,-,-
800594-0300,fgseedki,7p,mightyminicherrytom,-,-
800595-0300,fgseedki,14p,flowerlovers,-,-
800596-0208,fgseedki,freshtastyherb,-,-,-
800597-0208,fgseedki,freshtastysalad,-,-,-
800598-0208,fgseedki,7p,freshtastytomato,-,-
800599-0208,fgseedki,7p,thaipepper,-,-
800600-0208,fgseedki,7p,jalapenopepper,-,-
800601-0208,fgseedki,7p,uplandcress,-,-
800602-0208,fgseedki,7p,chinesecabbe,-,-
800603-0208,fgseedki,7p,tradlmedicinal,-,-
800604-0208,fgseedki,7p,heirloomsaladgreens,-,-
800605-0208,fgseedki,7p,straerryliveplants,-,-
800606-0208,fgseedki,7p,asianherbs,-,-
800607-0208,fgseedki,7p,pizzaherb,-,-
800608-0208,fgseedki,7p,celosia,-,-
800609-0208,fgseedki,7p,cocktailmocktail,-,-
800611-0208,fgseedki,7p,incredibleedibles,-,-
800612-0208,fgseedki,7p,springflowers,-,-
800613-0208,fgseedki,7p,polkadotmix,-,-
800614-0208,fgseedki,7p,kalemix,-,-
800615-0208,fgseedki,7p,violayellowwrdwing,-,-
800621-0208,fgseedki,7p,zinniamix,-,-
800622-0208,fgseedki,7p,beetgreens,-,-
800623-0208,fgseedki,7p,rosemary,-,-
800624-0208,fgseedki,7p,smoothiegreens,-,-
800625-0208,fgseedki,7p,scarboroughfair,-,-
800626-0208,fgseedki,7p,bokchoi,-,-
800627-0208,fgseedki,7p,swisschard,-,-
800999-0208,fgseedki,7pghseedkit,-,-,-
802000-0208,fgseedki,herbie,pizzaparty,pkin,-
802001-0208,fgseedki,herbie,lettucefortwo,-,-
802002-0208,fgseedki,herbie,minticecream,-,-
802003-0208,fgseedki,herbie,snapduppetshow,-,-
802004-0208,fgseedki,herbie,pizzaparty,stand,-
806012-0208,fgseedki,12p,grmthrbhrlmtomato,-,-
806150-0208,fgseedki,6p,ctomkit,herb,-
806151-0208,fgseedki,6p,ctomkit,veggie,-
806152-0208,fgseedki,6p,ctomkit,salad,-
806153-0208,fgseedki,6p,ctomkit,flower,-
806238-0208,fgseedki,6p,loveblooms,-,-
806334-0208,fgseedki,6p,cascpetaobsolet,-,-
806334-2208,fgseedki,6p,cascadingpetax2,-,-
806500-0200,fgseedki,6p,gh,-,-
806500-0201,fgseedki,6p,gh,-,-
806500-0205,fgseedki,6p,gh,-,-
806500-0208,fgseedki,6p,gh,-,-
806500-0301,fgseedki,6p,gh,-,-
806500-0408,fgseedki,gf,6p,gh,-
806500-2200,fgseedki,6p,gh,2pk,-
806500-2208,fgseedki,6p,ghx2,-,-
806501-0200,fgseedki,6p,cherrytomato,-,-
806501-0201,fgseedki,6p,cherrytomato,-,-
806501-0205,fgseedki,6p,cherrytomato,-,-
806501-0208,fgseedki,6p,cherrytomato,-,-
806501-0301,fgseedki,6p,cherrytomato,-,-
806501-0408,fgseedki,gf,6p,cherrytomato,-
806501-2200,fgseedki,6p,hrlmcherrytomato,2pk,-
806501-2208,fgseedki,6p,cherrytomatox2,-,-
806502-0208,fgseedki,6p,saladgreensmix,-,-
806507-0208,fgseedki,6p,tcanitalianherb,-,-
806507-2208,fgseedki,6p,italianherb,2pk,-
806515-0208,fgseedki,6p,cole,-,-
806516-0208,fgseedki,6p,goldentomato,-,-
806518-0208,fgseedki,6p,phloxinabox,-,-
806522-0208,fgseedki,6p,mixedromaine,-,-
806522-2208,fgseedki,6p,mixedromaine,2pk,-
806528-0200,fgseedki,6pgrowanything,ca,-,-
806528-0201,fgseedki,6p,growanything,-,-
806528-0205,fgseedki,6p,growanything,-,-
806528-0208,fgseedki,6p,growanything,-,-
806528-0301,fgseedki,6p,growanything,-,-
806528-0408,fgseedki,gf,6p,growanything,-
806528-2200,fgseedki,6p,growanything,2pk,ca
806528-2208,fgseedki,6p,growanythingx2,-,-
806538-0208,fgseedki,6p,cascadingpeta,-,-
806545-0201,fgseedki,6p,pestobasil,-,-
806545-0205,fgseedki,6p,pestobasil,-,-
806545-0208,fgseedki,6p,pestobasil,-,-
806545-2208,fgseedki,2x,6p,pestobasil,-
806546-0208,fgseedki,6p,internationalbasil,-,-
806547-0208,fgseedki,6p,salsarden,-,-
806547-2208,fgseedki,6p,salsarden,2pk,-
806554-0208,fgseedki,6p,lavender,-,-
806580-0208,fgseedki,6p,freshtea,-,-
806594-0208,fgseedki,6p,mightymini,-,-
806599-0208,fgseedki,6p,thaipepper,-,-
806600-0208,fgseedki,6p,jalepenopepper,-,-
806603-0208,fgseedki,6p,tradlmedicinal,-,-
806603-2208,fgseedki,6p,tradlmedicinl,2pk,-
806604-0200,fgseedki,6p,hrlmsaladgreens,ca,-
806604-0201,fgseedki,6p,hrlmsaladgreens,-,-
806604-0205,fgseedki,6p,hrlmsaladgreens,-,-
806604-0208,fgseedki,6p,hrlmsaladgreens,-,-
806604-0301,fgseedki,6p,hrlmsaladgreens,-,-
806604-0408,fgseedki,gf,6p,hrlmsaladgreens,-
806604-2200,fgseedki,6phrlmsaladgreens,2pk,-,-
806604-2208,fgseedki,6p,heirloomsaladgrnsx2,-,-
806607-0208,fgseedki,6p,pizzaherb,-,-
806607-2208,fgseedki,2x,6p,pizzaherbkit,-
806609-0208,fgseedki,6p,cocktailmocktail,-,-
806611-0208,fgseedki,6p,incredibleedibles,-,-
806611-2208,fgseedki,6p,incredibleed,2pk,-
806612-0208,fgseedki,6p,springflowers,-,-
806613-0208,fgseedki,6p,polkadotmix,-,-
806614-0208,fgseedki,6p,kalemix,-,-
806614-2208,fgseedki,2x,6p,kalemix,-
806615-0208,fgseedki,6p,violayellowwrdwing,-,-
806621-0208,fgseedki,6p,zinniamix,-,-
806622-0208,fgseedki,6p,beetgreens,-,-
806622-2208,fgseedki,6p,beetgreens,2pk,-
806623-0208,fgseedki,6p,rosemary,-,-
806624-0208,fgseedki,6p,smoothiegreens,-,-
806624-2208,fgseedki,6p,smoothiegrns,2pk,-
806625-0208,fgseedki,6p,scarboroughfair,-,-
806625-2208,fgseedki,6p,scarboroughfa,2pk,-
806626-0208,fgseedki,6p,bokchoi,-,-
806627-0208,fgseedki,6p,swisschard,-,-
806632-0208,seedkits,6p,southerngreens,-,-
809150-0208,fgseedki,9p,ctomherb,-,-
809151-0208,fgseedki,9p,ctomkit,veggie,-
809152-0208,fgseedki,9p,ctomkit,salad,-
809153-0208,fgseedki,9p,ctomkit,flower,-
809238-0208,fgseedki,9p,loveblooms,-,-
809260-0208,fgseedki,9p,megacherrytomato,-,-
809500-0200,fgseedki,9p,gh,ca,-
809500-0201,fgseedki,9p,gh,-,-
809500-0205,fgseedki,9p,gh,-,-
809500-0208,fgseedki,9p,gh,-,-
809500-2200,fgseedki,9p,gh,2pk,-
809500-2208,fgseedki,9p,gh,2pk,-
809501-0200,fgseedki,9p,hrlmcherrytomato,ca,-
809501-0201,fgseedki,9p,hrlmcherrytomato,uk,-
809501-0205,fgseedki,9p,hrlmcherrytomato,-,-
809501-0208,fgseedki,9p,hrlmcherrytomato,-,-
809501-2200,fgseedki,9p,hrlmcherrytomato,2pk,-
809501-2208,fgseedki,9p,hrlmcherrytomato,2pk,-
809502-0208,fgseedki,9p,saladgreensmix,-,-
809507-0208,fgseedki,9p,tcanitalianherb,-,-
809515-0208,fgseedki,9p,cole,-,-
809516-0208,fgseedki,9p,goldentomato,-,-
809518-0208,fgseedki,9p,phloxinabox,-,-
809522-0208,fgseedki,9p,mixedromaine,-,-
809528-0200,fgseedki,9p,growanything,ca,-
809528-0201,fgseedki,9p,growanything,uk,-
809528-0205,fgseedki,9p,growanything,-,-
809528-0208,fgseedki,9p,growanything,-,-
809528-2200,fgseedki,9p,growanything,2pk,ca
809528-2208,fgseedki,9p,growanything,2pk,-
809531-0208,fgseedki,9p,englishcotte,-,-
809533-0208,fgseedki,9p,mountainmeadow,-,-
809538-0208,fgseedki,9p,cascadingpeta,-,-
809542-0208,fgseedki,9p,bellpeppers,-,-
809544-0208,fgseedki,9p,chilipepper,-,-
809545-0201,fgseedki,9p,pestobasil,uk,-
809545-0205,seedkits,9p,pestobasil,-,-
809545-0208,fgseedki,9p,pestobasil,-,-
809546-0208,fgseedki,9p,intlbasil,-,-
809547-0208,fgseedki,9p,salsarden,-,-
809554-0208,fgseedki,9p,lavender,-,-
809580-0208,fgseedki,9p,freshtea,-,-
809594-0300,fgseedki,9pmightymini,-,-,-
809599-0208,fgseedki,9p,thaipepper,-,-
809600-0208,fgseedki,9p,jalepenopepper,-,-
809603-0208,fgseedki,9p,tradlmedicinal,-,-
809604-0200,fgseedki,9p,hrlmsaladgreens,ca,-
809604-0201,fgseedki,9p,hrlmsaladgreens,uk,-
809604-0208,fgseedki,9p,hrlmsaladgreens,-,-
809604-2200,fgseedki,9phrlmsaladgreens,2pk,-,-
809604-2208,fgseedki,9p,hrlmsaladgreens,2pk,-
809606-0208,fgseedki,9p,asianherbs,-,-
809607-0208,fgseedki,9p,pizzaherbkit,-,-
809608-0208,fgseedki,9p,celosia,-,-
809609-0208,fgseedki,9p,cocktailmocktail,-,-
809611-0208,fgseedki,9p,incredibleedibles,-,-
809612-0208,fgseedki,9p,springflowers,-,-
809613-0208,fgseedki,9p,polkadotmix,-,-
809614-0208,fgseedki,9p,kalemix,-,-
809615-0208,fgseedki,9p,violayellowwrdwing,-,-
809616-0208,fgseedki,9p,ghostpepper,-,-
809617-0208,fgseedki,9p,anaheimpepper,-,-
809618-0208,fgseedki,9p,poblanopepper,-,-
809619-0208,fgseedki,9p,cayennepepper,-,-
809621-0208,fgseedki,9p,zinniamix,-,-
809622-0208,fgseedki,9p,beetgreens,-,-
809623-0208,fgseedki,9p,rosemary,-,-
809624-0208,fgseedki,9p,smoothiegreens,-,-
809625-0208,fgseedki,9p,scarboroughfair,-,-
809626-0208,fgseedki,9p,bokchoi,-,-
809627-0208,fgseedki,9p,swisschard,-,-
809628-0208,fgseedki,9p,shishitopeppers,-,-
809629-0208,fgseedki,9p,sweetbaapeppers,-,-
809630-0208,seedkits,9p,fairytaleeggplant,-,-
809631-0208,seedkits,9p,fajitapepper,-,-
809632-0208,seedkits,9p,southerngreens,-,-
812006-0208,fgseedki,12p,jumboveggies,-,-
812150-0208,fgseedki,12p,ctomherb,-,-
812151-0208,fgseedki,12p,ctomvegetable,-,-
812152-0208,fgseedki,12p,ctomsalad,-,-
812153-0208,fgseedki,12p,ctomflower,-,-
812501-0208,fgseedki,12p,hrlmtomato,-,-
812528-0208,fgseedki,12p,growanything,-,-
812546-0208,fgseedki,12p,internationalbasil,-,-
812604-0208,fgseedki,12p,hrlmsaladgreens,-,-
812626-0208,fgseedki,12p,bokchoi,-,-
812627-0208,fgseedki,12p,swisschard,-,-
812628-0208,fgseedki,12p,shishitopeppers,-,-
812629-0208,fgseedki,12p,sweetbaapeppers,-,-
812632-0208,seedkits,12p,southerngreens,-,-
8202-00B,fggardens,ultraledbundle,gh+sss,-,-
824003-0208,fgseedki,farm,greatgreens,-,-
824500-0001,fgseedki,farm,saladbar,a,pkin
824500-0002,fgseedki,farm,saladbar,b,pkin
824500-0208,fgseedki,farm,saladbar,-,-
900100-0100,fggardens,7p,blk,-,-
900100-0200,fggardens,7p,blk,no,-
900100-1100,fggardens,7p,blk,gh,-
900100-1200,fggardens,7p,blk,gh,-
900110-0100,fggardens,3p,blk,no,-
900110-0200,fggardens,3p,blk,no,-
900110-0208,fggardens,3p,blk,no,-
900110-1100,fggardens,3p,blk,gh,-
900110-1200,fggardens,3p,blk,gh,-
900110-1208,fggardens,3p,blk,gh,-
900113-0300,fggardens,3p,pink,-,-
900113-1300,fggardens,3p,pink,gh,-
900116-0300,fggardens,3p,yellow,-,-
900116-1300,fggardens,3p,yellow,gh,-
900140-0300,fggardens,3p,spottedcow,-,-
900140-1300,fggardens,3p,spottedcow,gh,-
900146-0300,fggardens,3p,penguin,-,-
900146-1300,fggardens,3penguin,gh,-,-
900200-0100,fggardens,7p,wht,no,-
900200-1100,fggardens,7p,wht,gh,-
900210-0100,fggardens,3p,wht,no,-
900210-1100,fggardens,3p,wht,gh,-
900210-1200,fggardens,3p,wht,gh,-
900244-0300,fggardens,3p,bee,no,-
900244-1300,fggardens,3p,bee,gh,-
900245-0100,fggardens,3p,ladybug,no,-
900245-1208,fggardens,3p,ladybug,gh,-
900245-1400,fggardens,3p,ladybug,gh,-
900300-0100,fggardens,7psilver,-,-,-
900300-1100,fggardens,7p,silver,ghs,-
900400-0100,fggardens,7pled,blackno,-,-
900803-0200,fggardens,3psl,black,no,-
900803-2200,fggardens,3psl,black,w2s,-
900804-0200,fggardens,3pslwhite,no,-,-
900804-2200,fggardens,3psl,white,w2s,-
900804-X200,fggardens,3psl,white,no,-
900805-0100,fggardens,sprout,blue,bb,-
900805-1100,fggardens,sprt,blu,kh+minict,-
900805-1200,fggardens,sprout,blue,gh,-
900805-2100,fggardens,sprout,blue,gh,-
900805-3100,fggardens,sprout,blu,gh+minict,-
900805-4100,fggardens,sprout,blu,gh,-
900806-0100,fggardens,sprout,red,bb,-
900806-1100,fggardens,sproutred,kh+minict,-,-
900806-1200,fggardens,sprout,red,gh,-
900806-2100,fggardens,sprout,red,gh,-
900806-3100,fggardens,sprout,red,gh+minict,-
900806-4100,fggardens,sprout,red,gh,-
900813-0100,fggardens,sprout,blk,-,-
900813-0200,fggardens,sprout,blk,-,-
900813-1100,fggardens,sprout,blk,kh+minict,-
900813-1200,fggardens,sprout,blk,gh,-
900813-2100,fggardens,sprout,blk,gh+minict,-
900813-4100,fggardens,sprout,blk,gh,-
900813-8200,fggardens,sprout,blk,wgh,-
900814-0100,fggardens,sprout,wht,-,-
900814-0200,fggardens,sprout,wht,-,-
900814-1100,fggardens,sprout,wht,kh+minict,-
900814-1200,fggardens,sprout,wht,gh,-
900814-2100,fggardens,sprout,wht,gh+minict,-
900814-4100,fggardens,sprout,wht,gh,-
900817-0100,fggardens,sproutled,black,-,-
900817-0200,fggardens,sproutled,black,-,-
900817-1100,fggardens,sproutled,blk,gh,-
900817-1101,fggardens,sproutled,black,gh,-
900817-1105,fggardens,sproutled,black,-,-
900817-1108,fggardens,sproutled,blk,gh,-
900817-1200,fggardens,sproutled,blk,gh,-
900817-1208,fggardens,sproutled,blk,-,-
900817-2200,fggardens,sproutled,blk,-,-
900817-3108,aerogarden,sproutled,blk,sss,ca
900817-4200,fggardens,sproutled,blk,2pk,-
900817-4208,fggardens,sproutled,blk,ghx2,-
900818-0100,fggardens,sproutled,wht,-,-
900818-0101,fggardens,sproutled,wht,-,-
900818-0200,fggardens,sproutled,white,-,-
900818-1100,fggardens,sproutled,wht,gh,-
900818-1101,fggardens,sproutled,wht,gh,-
900818-1105,fggardens,sproutled,white,-,-
900818-1200,fggardens,sproutled,wht,gh,-
900818-1208,fggardens,sproutled,wht,-,-
900818-4208,fggardens,sproutled,wht,ghx2,-
900819-0100,fggardens,sproutled,red,-,-
900819-0200,fggardens,sproutled,red,-,-
900819-1100,aerogarden,sproutled,red,-,-
900819-1200,fggardens,sproutled,red,gh,-
900819-1208,fggardens,sproutled,red,-,-
900820-0200,fggardens,sproutled,teal,-,-
900820-1200,fggardens,sproutled,teal,gh,-
900822-1100,fggardens,sproutled,grey,-,-
900823-1110,aerogarden,sproutled,tasty,ranch,-
900823-1120,aerogarden,sproutled,tasty,southwestern,-
900823-1130,aerogarden,sproutled,tasty,capresesalad,-
900823-1140,aerogarden,sproutled,tasty,cocktailmocktail,-
900901-0200,fggardens,herbie,-,-,-
900901-1200,fggardens,herbie,-,-,-
900950-0100,fggardens,farm,blk,-,-
900950-1100,fggardens,farm,blk,-,-
900951-0100,fggardens,farm,wht,-,-
900951-1100,fggardens,farm,wht,-,-
900960-0100,fggardens,farmpl,blk,-,-
900960-1100,fggardens,farmpl,blk,-,-
900961-0100,fggardens,farmpl,wht,-,-
900961-1100,fggardens,farmpl,wht,-,-
900970-0100,fggardens,farmxl,blk,-,-
900970-1100,fggardens,farmxl,blk,-,-
900971-0100,fggardens,farmxl,wht,-,-
900971-1100,fggardens,farmxl,wht,-,-
901011-0100,fggardens,6pss6pmdlblk,no,-,-
901011-0200,fggardens,6p,blk,no,-
901011-1100,fggardens,6p,blk,gh,-
901011-1200,fggardens,6p,blk,gh,-
901011-3100,fggardens,6p,blk,gh,sss
901016-0100,fggardens,6pled,blk,-,-
901016-0200,fggardens,6pled,blk,-,-
901016-1100,fggardens,6pledwithgh,-,-,-
901016-1200,fggardens,6pledwithgh,-,-,-
901016-2100,fggardens,6pledwithghct,-,-,-
901016-2108,fggardens,6pledwithghct,-,-,-
901016-4200,fggardens,6pledwithghsss,-,-,-
901016-5200,fggardens,6pled,gh,sssinstore,-
901040-0100,fggardens,harvest,blk,no,-
901040-0200,fggardens,harvest,blk,no,-
901040-1101,fggardens,harvest,blk,wgh,-
901040-1105,fggardens,harvest,blk,wgh,-
901040-1200,fggardens,harvest,blk,wgh,-
901040-2200,fggardens,harvest,blk,ghhct,-
901040-2208,fggardens,harvest,blk,ghhct,-
901041-0100,fggardens,harvest,wht,no,-
901041-0200,fggardens,harvest,wht,no,-
901041-1101,fggardens,harvest,wht,wgh,-
901041-1105,fggardens,harvest,wht,wgh,-
901041-1200,fggardens,harvest,wht,wgh,-
901044-0100,fggardens,harvesttouch,eggplnt,-,-
901044-1100,fggardens,harvesttouch,eggplnt,-,-
901044-4100,fggardens,hrvsttouch,egg,gh,sss
901045-0100,fggardens,harvesttouch,blk,-,-
901045-1100,fggardens,harvesttouch,blk,-,-
901045-4100,fggardens,hrvsttouch,blk,gh,sss
901046-0100,fggardens,harvesttouch,blue,-,-
901046-1100,fggardens,harvesttouch,blue,-,-
901046-4100,fggardens,hrvsttouch,blu,gh,sss
901047-0100,fggardens,harvesttouch,red,-,-
901047-1100,fggardens,harvesttouch,red,-,-
901047-4100,fggardens,hrvsttouch,red,gh,sss
901048-0100,fggardens,harvesttouch,wht,-,-
901048-1100,fggardens,harvesttouch,wht,-,-
901048-4100,fggardens,hrvsttouch,wht,gh,sss
901049-0200,fggardens,harvestelitecopper,-,-,-
901049-1200,fggardens,harvestelitecopper,-,-,-
901050-0200,fggardens,harvestelite,no,-,-
901050-1101,fggardens,harvestelite2015,-,-,-
901050-1105,fggardens,harvestelite2015,-,-,-
901050-1200,fggardens,harvestelite,ssgh,-,-
901051-0200,fggardens,harvestelite,red,-,-
901051-1200,fggardens,harvestelite,red,-,-
901052-0200,fggardens,harvestelite,plt,-,-
901052-1200,fggardens,harvestelite,plt,-,-
901053-0100,fggardens,harvestelite,ss,-,-
901053-0200,fggardens,aerogdharvestelite,ss,-,-
901053-1100,fggardens,harvestelite,ss,-,-
901053-1201,fggardens,harvestelite,ss,uk,-
901055-0200,fggardens,harvestelitetouch,ss,-,-
901055-1200,fggardens,harvestelitetouch,gh,-,-
901055-1208,fggardens,harvestelitetouch,ss,-,-
901056-0200,fggardens,harvestelitetouch,rd,-,-
901056-1200,fggardens,harvestelitetouch,rd,-,-
901057-0200,fggardens,harvestelitetouch,cp,-,-
901057-1200,fggardens,harvestelitetouch,cp,-,-
901057-1208,fggardens,harvestelitetouch,cp,-,-
901059-0100,fggardens,harvestpremium,cpr,-,-
901059-0200,fggardens,harvestpremium,cpr,-,-
901059-2100,fggardens,harvest200,copper,-,-
901060-0100,fggardens,harvestpremium,black,-,-
901060-0200,fggardens,harvestpremium,black,-,-
901060-1108,fggardens,harvestpremium,black,-,-
901060-1200,fggardens,harvestpremium,black,-,-
901060-2100,fggardens,harvest200,black,-,-
901061-0100,fggardens,harvestpremium,plt,-,-
901061-0200,fggardens,harvestpremium,plt,-,-
901061-1200,fggardens,harvestpremium,plt,-,-
901061-1208,fggardens,harvestpremium,plt,-,-
901061-2100,fggardens,harvest200,gmg,-,-
901062-0100,fggardens,harvestpremium,red,-,-
901062-0200,fggardens,harvestpremium,red,-,-
901062-1100,fggardens,harvest200,red,-,-
901062-1108,fggardens,harvestpremium,red,-,-
901062-1200,fggardens,harvestpremium,red,-,-
901062-2100,fggardens,harvest200,red,-,-
901063-0100,fggardens,harvest200,blue,-,-
901063-2100,fggardens,harvest200,blue,-,-
901064-0100,fggardens,harvest200,eggplant,-,-
901064-2100,fggardens,harvest200,eggplant,-,-
901065-0200,fggardens,harvestpl,grey,-,-
901065-1200,fggardens,harvestpl,grey,-,-
901065-EMPL,fggardens,harvestpl,grey,-,-
901067-0200,fggardens,harvestpl,red,-,-
901067-1200,fggardens,harvestpl,red,gh,-
901067-EMPL,fggardens,harvestpl,red,gh,-
901068-0200,fggardens,harvestpl,teal,-,-
901068-1200,fggardens,harvestpl,tel,gh,-
901068-EMPL,fggardens,harvestpl,tel,gh,-
901069-0200,fggardens,harvestpl,wht,-,-
901069-1200,fggardens,harvestpl,wht,-,-
901070-0100,fggardens,harvest2016p,blk,-,-
901070-0200,fggardens,harvest2016p,blk,-,-
901070-0208,fggardens,harvest2016p,blk,-,-
901070-1200,fggardens,harvest2016p,blk,-,-
901070-1208,fggardens,harvest2016p,blk,-,-
901071-0200,fggardens,harvest2016p,wht,-,-
901071-1200,fggardens,harvest2016p,wht,-,-
901072-0200,fggardens,harvest2016p,red,-,-
901072-1200,fggardens,harvest2016p,red,-,-
901073-0200,fggardens,harvest2016p,teal,-,-
901073-1200,fggardens,harvest2016p,teal,-,-
901074-0100,fggardens,harvestwifi,blk,-,-
901074-1100,fggardens,harvestwifi,blk,-,-
901074-1200,fggardens,harvestwifi,blk,-,-
901075-0200,fggardens,harvestelitewifi,blk,-,-
901075-1200,fggardens,harvestelitewifi,blk,-,-
901076-0200,fggardens,harvestelitewifi,blue,-,-
901076-1200,fggardens,harvestelitewifi,blue,-,-
901077-0200,fggardens,harvestelitewifi,cpr,-,-
901077-1200,fggardens,harvestelitewifi,cpr,-,-
901078-0200,fggardens,harvestelitewifi,eggplt,-,-
901078-1200,fggardens,harvestelitewifi,eggplt,-,-
901079-0200,fggardens,harvestelitewifi,red,-,-
901079-1200,fggardens,harvestelitewifi,red,-,-
901080-0200,fggardens,harvestelitewifi,ss,-,-
901080-1200,fggardens,harvestelitewifi,ss,-,-
901100-0200,fggardens,harvest2018,blk,-,-
901100-1200,fggardens,harvest2018,blk,-,-
901100-1201,aerogarden,harvest2018,blkuk,-,-
901100-1208,fggardens,harvest2018,blk,-,-
901100-2200,fggardens,harvest2018,blk,-,-
901101-0200,fggardens,harvest2018,wht,-,-
901101-1200,fggardens,harvest2018,wht,-,-
901101-1201,aerogarden,harvest2018,whtuk,-,-
901101-1208,fggardens,harvest2018,wht,-,-
901102-0200,fggardens,harvest2018,red,-,-
901102-1200,fggardens,harvest2018,red,-,-
901102-2200,fggardens,harvest2018,red,-,-
901103-0200,fggardens,harvestelite2018,plt,-,-
901103-1200,fggardens,harvestelite2018,plt,-,-
901103-4200,fggardens,harvestelite2018,plt,sssbundle,-
901104-0200,fggardens,harvestelite2018,ss,-,-
901104-1200,fggardens,harvestelite2018,ss,-,-
901104-1201,aerogarden,harvestelite2018,ss,-,-
901104-1208,fggardens,harvestelite2018,ss,-,-
901104-4200,fggardens,harvestelite2018,ss,sssbundle,-
901105-0200,fggardens,harvestelite2018,cpr,-,-
901105-1200,fggardens,harvestelite2018,cpr,-,-
901105-4200,fggardens,harvestelite2018,cpr,sssbundle,-
901106-0200,fggardens,harvestelite2018,sge,-,-
901106-1200,fggardens,harvestelite2018,sge,-,-
901106-4200,fggardens,harvestelite2018,sge,sssbundle,-
901107-0200,aerogarden,harvest2019,se,-,-
901107-1200,aerogarden,harvest2019,sge,-,-
901108-1100,fggardens,harvest2018,gry,-,-
901109-1200,aerogarden,harvest2018,coolgray,-,-
901110-0200,fggardens,harvest3p6p0,blk,-,-
901110-1200,fggardens,harvest3p6p0,blk,-,-
901110-2200,fggardens,harvest3p6p0,blk,-,-
901110-4200,fggardens,harvest3p6p0,blk,sssbundle,-
901111-0200,fggardens,harvest3p6p0,wht,-,-
901111-1200,fggardens,harvest3p6p0,wht,-,-
901111-2200,fggardens,harvest3p6p0,wht,-,-
901111-4200,fggardens,harvest3p6p0,wht,sssbundle,-
901112-0200,fggardens,harvest3p6p0,red,-,-
901112-1200,fggardens,harvest3p6p0,red,-,-
901112-2200,fggardens,harvest3p6p0,red,-,-
901113-0200,fggardens,harvestelite3p6p0,plt,-,-
901113-1200,fggardens,harvestelite3p6p0,plt,-,-
901113-1208,fggardens,harvestelite3p6p0,plt,-,-
901113-4200,fggardens,harvestelite3p6p0,plt,sssbundle,-
901114-0200,fggardens,harvestelite3p6p0,ss,-,-
901114-1200,fggardens,harvestelite3p6p0,ss,-,-
901114-2208,aerogarden,harvestelite3p6p0,sswcascpetas,-,-
901114-4200,fggardens,harvestelite3p6p0,ss,sssbundle,-
901115-0200,fggardens,harvestelite3p6p0,cpr,-,-
901115-1200,fggardens,harvestelite3p6p0,cpr,-,-
901115-4200,fggardens,harvestelite3p6p0,cpr,sssbundle,-
901116-0200,aerogarden,harvest3p6p0,sge,-,-
901116-1200,aerogarden,harvest3p6p0,sge,-,-
901117-0200,fggardens,harvestelite3p6p0,red,-,-
901117-1200,fggardens,harvestelite3p6p0,red,-,-
901117-4200,fggardens,harvestelite3p6p0,red,sssbundle,-
901120-0400,fggardens,gfharvestslim,blk,-,-
901120-1101,fggardens,harvestslim,blk,-,-
901120-1201,fggardens,harvestslim,blk,-,-
901120-1208,fggardens,harvestslim,blk,-,-
901120-1400,fggardens,gfharvestslim,blk,-,-
901121-0400,aerogarden,gfharvestslim,wht,-,-
901121-1101,fggardens,harvestslim,wht,-,-
901121-1208,fggardens,harvestslim,wht,-,-
901121-1400,fggardens,gfharvestslim,wht,-,-
901121-4200,aerogarden,harvestslim,wht,sssbundle,-
901123-0200,fggardens,harvesteliteslim,plt,-,-
901123-1200,fggardens,harvesteliteslim,plt,-,-
901123-4200,fggardens,harvesteliteslim,plt,sssbundle,-
901124-0200,fggardens,harvesteliteslim,ss,-,-
901124-1200,fggardens,harvesteliteslim,ss,-,-
901124-1208,fggardens,harvesteliteslim,ss,-,-
901124-4200,fggardens,harvesteliteslim,ss,sssbundle,-
901125-0200,fggardens,harvesteliteslim,cpr,-,-
901125-1200,fggardens,harvesteliteslim,cpr,-,-
901125-4200,fggardens,harvesteliteslim,cpr,sssbundle,-
901126-1400,fggardens,gfharvestslim,sge,-,-
901127-1400,aerogarden,gfharvestslim,gww,-,-
901130-0200,aerogarden,harvest2018,cor,-,-
901131-0200,aerogarden,harvestelite2019,pwh,-,-
901131-1200,aerogarden,harvestelite2018,pwh,-,-
901140-0200,aerogarden,harvest3p6p0,cor,-,-
901141-0200,aerogarden,harvestelite3p6p0,pwh,-,-
901141-1200,aerogarden,harvestelite3p6p0,pwh,-,-
901142-0200,aerogarden,harvestelite3p6p0,pbh,-,-
901151-0200,aerogarden,harvesteliteslim,pwh,-,-
901151-1200,aerogarden,harvesteliteslim,pwh,-,-
901153-0200,aerogarden,harvesteliteslim,pco,-,-
901153-1200,aerogarden,harvesteliteslim,pco,-,-
903000-0100,fggardens,ultra,blk,no,-
903000-0200,fggardens,ultra,blk,no,-
903000-1100,fggardens,ultra,blk,gh,-
903000-1200,fggardens,ultra,blk,gh,-
903000-2100,fggardens,ultra,blk,gh,sg
903000-3100,fggardens,ultra,blk,gh,ga
903000-4100,fggardens,ultra,blk,gh,sss
903000-5100,fggardens,ultra,blk,gh,ct
903000-6100,fggardens,ultra,2,mchguide,-
903000-7100,fggardens,ultra,blk,gh,sg
903100-0100,fggardens,ultraled,blk,no,-
903100-0200,fggardens,ultraled,blk,no,-
903100-1200,fggardens,ultraled,blk,gh,-
903100-2200,fggardens,ultraled,blkw2s,-,-
903100-2208,fggardens,ultraled,blkw2s,-,-
903100-3100,fggardens,ultraled,onpck,-,-
903110-0100,fggardens,bounty,-,-,-
903110-0200,fggardens,bounty,-,-,-
903110-1100,fggardens,bounty,gh,-,-
903110-1101,fggardens,bounty,gh,uk,-
903110-1105,fggardens,bounty,gh,fr,-
903110-1200,fggardens,bounty,gh,-,-
903110-1208,fggardens,bounty,gh,-,-
903110-2108,fggardens,bounty,gh+hct,ca,-
903110-3100,fggardens,bounty,gh,hct,shears
903111-0100,fggardens,bountywithwifi,-,-,-
903111-1100,fggardens,bountywithwifi,-,-,-
903120-0100,fggardens,bountyelite,-,-,-
903120-0200,fggardens,bountyelite,-,-,-
903120-1100,fggardens,bountyelite,gh,ss,-
903120-1200,fggardens,bountyelite,gh,ss,-
903120-1208,fggardens,bountyelite,ss,-,-
903121-0100,fggardens,bountyeliteplatinum,-,-,-
903121-0200,fggardens,bountyeliteplatinum,-,-,-
903121-1100,fggardens,bountyeliteplatinum,-,-,-
903121-1108,fggardens,bountyeliteplatinum,-,-,-
903121-1200,fggardens,bountyeliteplatinum,-,-,-
903122-0100,fggardens,bountyelitewifi,-,-,-
903122-1100,fggardens,bountyelitewifi,-,-,-
903123-0100,fggardens,bountyelite,red,-,-
903123-0200,fggardens,bountyelite,red,-,-
903123-1108,fggardens,bountyelite,red,gh,-
903123-1200,fggardens,bountyelite,red,gh,-
903124-0100,fggardens,bountyeliteplatinum,wifi,-,-
903124-1100,fggardens,bountyeliteplatinum,wifi,-,-
903125-0100,fggardens,bountyeliteredwifi,-,-,-
903125-1100,fggardens,bountyeliteredwifi,-,-,-
903126-0100,aerogarden,bountybasic2019,blk,-,-
903126-1100,aerogarden,bountybasic2019,blk,-,-
903126-1101,aerogarden,bountybasic2019,blk,uk,-
903130-0100,aerogarden,bounty2019,blk,-,-
903130-1100,aerogarden,bounty2019,blk,-,-
903131-0100,aerogarden,bounty2019,wht,-,-
903131-1100,aerogarden,bounty2019,wht,-,-
903132-0100,aerogarden,bountyelite2019,pre,-,-
903132-1100,aerogarden,bountyelite2019,pre,-,-
903133-0100,aerogarden,bounty2019,stb,-,-
903134-0100,aerogarden,bountyelite2019,ss,-,-
903134-1100,aerogarden,bountyelite2019,ss,-,-
903134-1101,aerogarden,bountyelite2019,ss,uk,-
903135-0100,aerogarden,bountyelite2019,ppl,-,-
903135-1100,aerogarden,bountyelite2019,ppl,-,-
903136-0100,aerogarden,bountyeliteartisan,pbg,-,-
903137-0100,aerogarden,bountyeliteartisan,awh,-,-
903200-0100,fggardens,extra,blk,no,-
903200-0200,fggardens,extra,blk,no,-
903200-1100,fggardens,extra,blk,gh,-
903200-1200,fggardens,extra,blk,gh,-
903200-2100,fggardens,extra,blk,gh,sg
903200-2200,fggardens,extra,blk,gh,ct
903300-0100,fggardens,extraled,blk,no,-
903300-0200,fggardens,extraled,blk,no,-
903300-1100,fggardens,extraled,blk,gh,-
903300-1200,fggardens,extraled,blk,gh,-
903300-2200,fggardens,extraled,blk,gh,-
9105-00Z,accessory,herbnserve,w,-,-
9116-00Z,accessory,pumpfilter,10pk,-,-
9255-00Z,accessory,groulbs,2pk,3uround,-
9301-00T,component,bowl,stainless,-,-
9301-00W,component,bowl,white,-,-
9306-00L,component,base,silver,7p,-
9307-00B,component,post,black,7p,-
9307-00L,component,post,silver,7p,-
9307-00W,component,post,white,7p,-
9308-00B,component,hood,black,7p,-
9308-00T,component,hood,stainless,pro100,-
9308-00W,component,hood,white,7p,-
9401-00Z,fgseedki,esn,-,-,-
9419-00Z,accessory,gstrefillkit,retail,-,-
970010-0100,accessory,spacelugs,6spacers,-,-
970020-0000,accessory,plantspacers,18pk,-,-
970021-0100,accessory,plantspacers,25pk,-,-
970116-0100,accessory,bethebee,-,-,-
970120-0100,accessory,bulbadapter,-,-,-
970133-0100,accessory,aerovoirwithstand,-,-,-
970136-0000,accessory,mezzalunaherbchopper,-,-,-
970138-0100,accessory,mezzalunawith,-,-,-
970139-0100,accessory,farm,trellissystem,-,-
970140-0100,accessory,farmstackingkit,blk,-,-
970141-0100,accessory,farmstackingkit,wht,-,-
970145-0100,accessory,bounty2019trellissystem,-,-,-
970146-0100,accessory,bamboowallstand,-,-,-
970147-0100,accessory,bamboodestandwithdrawer,-,-,-
970150-0200,accessory,herbkeeper,4cb,-,-
970151-0200,accessory,herbnsave,4cb,-,-
970151-0208,accessory,herbnsave,4cb,ca,-
970155-0500,accessory,trellissystem,black,-,-
970156-0500,accessory,coils,black,4pk,-
970175-0000,accessory,softtiesfolants,25,-,-
970176-0000,accessory,easyupplantsupports,-,-,-
970180-0000,accessory,wateringcan,oxo,blue,-
970206-0300,accessory,herbshears,green,-,-
970251-0300,accessory,cuttingboard,wooden,-,-
970273-0000,accessory,bulkbaets,-,-,-
970274-0000,accessory,bulklabels,-,-,-
970276-0000,accessory,bulkdomes,-,-,-
970279-0000,accessory,powergrowlightbooster,-,-,-
970281-0000,accessory,supergrownutrientsl,-,-,-
970282-0000,accessory,easyfeeddispensers3pk,-,-,-
970283-0000,accessory,activeeyebugloupe3p0x,-,-,-
970284-0000,accessory,aquapro,-,-,-
970286-0000,accessory,pheptester,-,-,-
970287-0000,accessory,ghphdown,-,-,-
970288-0000,accessory,ghphup,-,-,-
970293-0000,accessory,peat,bulk,50pk,-
970297-0000,accessory,easystartgrowlightsystem,-,-,-
970298-0000,accessory,oxygenboosterkit,-,-,-
970305-0100,accessory,groowl,-,-,-
970307-0100,accessory,grobwlstrarrys,-,-,-
970308-0000,accessory,growmediaforewith,-,-,-
970309-0100,accessory,groowlandgrowmedia,-,-,-
970310-0100,accessory,spout,-,-,-
970311-0100,accessory,wateringcanwithspout,-,-,-
970316-0100,accessory,groowlv2,-,-,-
970317-0100,accessory,grobwlv2strarrys,-,-,-
970318-0100,accessory,groowlv2wgrowmedia,-,-,-
970320-0000,accessory,siphonpump,-,-,-
970330-0000,accessory,bulklabels,roll,-,-
970404-0000,raw,book,mstrchef,spiral,-
970450-0000,accessory,book,50ways,-,-
970501-18PK,accessory,groable18pkassorted,-,-,-
970501-4355,accessory,groablebasil,-,-,-
970501-4358,accessory,groblecherrytomato,-,-,-
970501-4359,accessory,groablecilantro,-,-,-
970501-4391,accessory,groableglobetomato,-,-,-
970501-4398,accessory,groablecucumber,-,-,-
970501-4399,accessory,groablesweetpepper,-,-,-
970904-0200,accessory,groulbs,1pk,b,-
970904-0300,raw,groulbs,1pk,b,-
970905-0100,accessory,groulbs,1pk,-,-
970914-0200,accessory,groulbs,2pk,b,-
970914-0208,accessory,groulbs,2pk,b,-
970914-0300,accessory,groulbs,2pk,b,-
970914-3208,accessory,groulbs,6pk,b,-
970924-0208,accessory,groulbs,3pk,-,-
970934-0100,accessory,maxgrowlight,triplepk,-,-
970940-0100,accessory,12wattledgrowlight,-,-,-
970940-2100,accessory,12wattledgrowlight2pk,-,-,-
970940-4100,accessory,12wattledgrowlight4pk,-,-,-
970941-0100,accessory,20wattledgrowlight,-,-,-
970941-0200,accessory,20wattledgrowlight,-,-,-
970941-2100,accessory,20wattledgrowlight2pk,-,-,-
970941-4100,accessory,20wattledgrowlight4pk,-,-,-
970945-0100,accessory,45wattledgrowpanel+stand,-,-,-
970945-0200,accessory,45wattledgrowpanel+stand,-,-,-
970946-0200,accessory,45wattledgrowpanel+stand,-,-,-
970946-4208,accessory,45wattledgrowpanel+stand,-,-,-
971005-0000,raw,float,7ponly,-,-
971054-0000,accessory,airstone,5pk,-,-
971100-0105,accessory,pump,7p,uk,bb
971110-0000,component,farmplmetalframe,le,b,-
971111-0000,component,farmplmetalframe,ri,b,-
971114-0000,component,farmmetalframe,left,blk,-
971115-0000,component,farmmetalframe,right,blk,-
971118-0000,component,farmpltop,black,-,-
971119-0000,component,farmpltop,white,-,-
971120-0000,component,farmtop,black,-,-
971122-0000,component,farmfarmplbowl,blk,-,-
971123-0000,component,farmfarmplbowl,wht,-,-
971126-0000,component,farmfarmplled,blk,-,-
971127-0000,component,farmfarmplled,wht,-,-
971128-0000,component,farmfarmplctrlbox,blk,-,-
971131-0000,component,farmfarmplctrlbox,wht,-,-
971132-0000,raw,farm,ledpowercord,blk,-
971134-0000,raw,farmpl,ledpowercord,blk,-
971139-0000,raw,farmxlmetalframe,ri,b,-
971150-0100,accessory,pump,ceramic,7p,-
971151-0100,accessory,pump,ultra,extra,bounty
972100-0100,component,post,black,-,-
972125-0100,component,cord,black,-,-
972225-0100,component,cord,white,-,-
972300-0100,component,post,silver,-,-
972350-0100,component,hood,silver,-,-
973100-0100,component,post,black,3,-
973150-0100,component,hood,black,3,-
973176-0100,component,base,black,3,-
973186-0100,component,bowl,black,3,-
973200-0100,raw,post,white,3,-
973250-0100,component,hood,white,3,-
973276-0100,component,base,white,3,-
973286-0100,component,bowl,white,3,-
973350-0100,component,hood,silver,3,-
973385-0100,component,bowl,silver,3,-
973485-0100,component,bowl,stl,3elite,-
973586-0100,component,bowl,red,3,-
973650-0100,component,hood,ladybug,3,-
973686-0100,component,bowl,ladybug,3,-
974100-0100,component,post,black,ss6,ss6ps
974155-0100,component,hood,black,ss6wps,-
974180-0100,component,bowl,black,ss6wps,-
974195-0100,component,base,black,ss6wps,-
974200-0100,component,post,white,ss6,ss6ps
974255-0100,component,hood,white,ss6wps,-
974280-0100,component,bowl,white,ss6wps,-
974300-0100,component,post,silver,ss6,ss6ps
974355-0100,component,hood,silver,ss6wps,-
974380-0100,component,bowl,silver,ss6wps,-
974455-0100,component,hood,stainless,ss6elite,-
974485-0100,component,bowl,ss,ss6elite,-
976100-0100,component,post,black,7,-
976150-0100,component,hood,black,7,-
976175-0100,component,base,black,7mdl100610,-
976185-0100,component,bowl,black,6,-
976186-0100,component,bowl,black,7,-
976200-0100,component,post,white,6,-
976250-0100,component,hood,white,6,-
976275-0100,component,base,white,6,-
976285-0100,component,bowl,white,6,-
976286-0100,component,bowl,white,7,-
976300-0100,component,post,silver,6,-
976350-0100,component,hood,silver,6,-
976375-0100,component,base,silver,6,-
976385-0100,component,bowl,silver,6,-
976386-0100,component,bowl,silve,7,-
976405-0100,component,post,elite6+veggiepr,-,-
976450-0100,component,hood,stl,elite6,-
976485-0100,component,bowl,stl,elite6,-
976492-0100,component,hood,veggiepro,-,-
976500-0100,component,harvestblkbasehood,-,-,-
976501-0100,component,harvestwhtbasehood,-,-,-
976504-0100,component,harvestelitetchrdbasehood,-,-,-
976506-0100,component,harvest2016pblkbasehood,-,-,-
976510-0100,component,harvestwifiblkbowl,-,-,-
976511-0100,component,harvestwhtbowl,-,-,-
976512-0100,component,harvestelitetouchbowl,-,-,-
976513-0100,component,harvestelitetouchredbowl,-,-,-
976515-0100,raw,harvestredbowl,-,-,-
976518-0100,component,harvesteliteplatinumbowl,-,-,-
976522-0100,component,harvestplgreybasehood,-,-,-
976523-0100,component,harvestplredbasehood,-,-,-
976526-0100,component,harvestelitepltbasehood,-,-,-
976532-0100,component,harvestgrowdeckwhite,-,-,-
976534-0100,component,harvestplgreybowl,-,-,-
976535-0100,component,harvestplredbowl,-,-,-
976544-0100,component,harvestpltpremiumbasehood,-,-,-
976548-0100,raw,harvestwifiblackbasehood,-,-,-
976551-0100,component,basehood,wht,3sl100303wht,-
976554-0100,component,basehood,blk,sprout100303blk,-
976555-0100,component,basehood,wht,sprout100303wht,-
976560-0100,component,basehood,blk,sproutpl,-
976561-0100,raw,basehood,wht,sproutpl,-
976565-0100,component,harvestblkpremiumbowl,-,-,-
976566-0100,component,harvestpltpremiumbowl,-,-,-
976567-0100,component,harvestredpremiumbowl,-,-,-
976575-0100,component,bowl,blk,3sl100303blk,-
976576-0100,component,bowl,wht,3sl100303wht,-
976577-0100,component,bowl,red,sprout100303red,-
976579-0100,component,bowl,blk,sproutsproutpl,-
976580-0100,component,bowl,wht,sproutsproutpl,-
976581-0100,component,bowl,red,sproutled,-
976586-0100,component,portcover,wht,3sl100303wht,-
976600-0100,component,post,aluminum,7mdl2014,-
976602-0100,component,harvesttouchblkbasehood,-,-,-
976610-0100,component,harvesttoucheggbowl,-,-,-
976612-0100,component,harvesttouchblkbowl,-,-,-
976615-0100,component,harvesttouchwhtbowl,-,-,-
976625-0100,raw,harvestelitewifiredbowl,-,-,-
976650-0100,component,cflhood,black,7,-
976675-0100,component,base,black,7mdl2014,-
976685-0100,component,bowl,black,7mdl2014,-
976686-0100,component,growdeck,blk,7mdl2014,-
976700-0100,component,post6p6pledmdl2014,-,-,-
976710-0100,component,hood,6led,blackhood,-
976750-0100,component,hood,black,6ss6mdl2014,-
976775-0100,component,base,66led2014mdl,-,-
976785-0100,component,bowl,66ledmdl2014,-,-
976786-0100,component,growdeck,66ledmdl2014,-,-
976810-0000,component,hood,black,ultraextra,-
976811-0000,component,hood,black,ultraled30w,-
976812-0000,component,hood,black,7led,-
976813-0000,component,hood,black,extraled30w,-
976814-0000,raw,ap3p0wledhood,-,-,-
976816-0000,raw,ap3p0wledhoodv3p,-,-,-
976820-0000,component,trellis,ultra,extra,bounty
976830-0000,component,bowl,blk,ultraextra,-
976831-0100,component,bowl,blk,bounty,-
976840-0000,component,base,black,ultra,-
976841-0000,component,base,black,extra555,-
976842-0000,component,base,black,extra2238,-
976843-0000,component,base,black,extra29999,-
976850-0000,component,post,black,ultra,extra
976860-0000,accessory,ultraupgradekit,-,-,-
976900-0100,component,bountyhood,-,-,-
976901-0100,component,bountyelitesshood,-,-,-
976902-0100,component,bountyeliteredhood,-,-,-
976903-0100,component,bountyeliteplthood,-,-,-
976910-0100,component,bountybountyelitegrowdeck,-,-,-
976911-0100,component,bountyelitessbowl,-,-,-
976912-0100,component,bountyeliteredbowl,-,-,-
976913-0100,component,bountyelitepltbowl,-,-,-
976920-0100,component,bountybountyelitebase,-,-,-
976921-0100,component,bountyeliteredbase,-,-,-
976922-0100,component,bountyelitepltbase,-,-,-
976923-0100,component,bountywifibase,-,-,-
976924-0100,component,bountyelitewifibase,-,-,-
976925-0100,component,bountyeliteredwifibase,-,-,-
976926-0100,component,bountyelitepltwifibase,-,-,-
976927-0000,raw,harvest2018model,poweradapter,-,-
976950-0100,component,hood,white,7mdl2014,-
